{
  "detailed_results": [
    {
      "review_id": 1,
      "review_text": "This place was a joke we rented 1 jet ski and brought it back with one scratch. I have been waiting over two weeks for him to tell us how much he's going to charge us why they have held our deposit. Hardly picks up Phone never calls back rarely is there.... Looked at all the good reviews thought it was a good place but I've had the worst experience ever.. By far the worst company I've ever dealt with.. Be careful!",
      "summaries": {
        "Version1": {
          "text": "Poor customer service and lack of communication.",
          "metrics": {
            "ROUGE-1": 0.027027025314097994,
            "ROUGE-2": 0.0,
            "ROUGE-L": 0.027027025314097994,
            "METEOR": 0.012091898428053206,
            "BLANC-help": -0.045454545454545456,
            "BLANC-tune": -0.045454545454545456,
            "BERTScore": 0.03405929356813431,
            "Semantic Similarity": 0.3509848415851593,
            "Sentiment Match": 1.0,
            "Key Concept Coverage": 0.0
          }
        },
        "Version2": {
          "text": "Bad experience with rental company.",
          "metrics": {
            "ROUGE-1": 0.08333333204089506,
            "ROUGE-2": 0.0,
            "ROUGE-L": 0.05555555426311731,
            "METEOR": 0.024242424242424242,
            "BLANC-help": 0.022727272727272728,
            "BLANC-tune": 0.045454545454545456,
            "BERTScore": 0.1442514806985855,
            "Semantic Similarity": 0.5747003555297852,
            "Sentiment Match": 1.0,
            "Key Concept Coverage": 0.11538461538461539
          }
        },
        "Version3": {
          "text": "Issues with deposit and communication.",
          "metrics": {
            "ROUGE-1": 0.08333333204089506,
            "ROUGE-2": 0.0,
            "ROUGE-L": 0.05555555426311731,
            "METEOR": 0.024242424242424242,
            "BLANC-help": 0.0,
            "BLANC-tune": 0.09090909090909091,
            "BERTScore": 0.015475557185709476,
            "Semantic Similarity": 0.40702295303344727,
            "Sentiment Match": 1.0,
            "Key Concept Coverage": 0.038461538461538464
          }
        }
      },
      "highest_scores": {
        "ROUGE-1": 0.08333333204089506,
        "ROUGE-2": 0.0,
        "ROUGE-L": 0.05555555426311731,
        "METEOR": 0.024242424242424242,
        "BLANC-help": 0.022727272727272728,
        "BLANC-tune": 0.09090909090909091,
        "BERTScore": 0.1442514806985855,
        "Semantic Similarity": 0.5747003555297852,
        "Sentiment Match": 1.0,
        "Key Concept Coverage": 0.11538461538461539
      }
    },
    {
      "review_id": 2,
      "review_text": "We were out at the lake this weekend boating and towed a jet ski rented from Jet Action back to the dock.  Things happen, but when I called the office to help make arrangements for the couple \"stuck\" in the middle of the lake, I was treated rudely and told that \"these things don't break down so I don't know what to tell you.\"  No suggestions or assistance was offered. I would NOT rent here.  Unhelpful and very rude.",
      "summaries": {
        "Version1": {
          "text": "Rude customer service",
          "metrics": {
            "ROUGE-1": 0.0,
            "ROUGE-2": 0.0,
            "ROUGE-L": 0.0,
            "METEOR": 0.0060168471720818285,
            "BLANC-help": 0.023255813953488372,
            "BLANC-tune": 0.023255813953488372,
            "BERTScore": -0.11050684750080109,
            "Semantic Similarity": 0.36979374289512634,
            "Sentiment Match": 1.0,
            "Key Concept Coverage": 0.037037037037037035
          }
        },
        "Version2": {
          "text": "Unhelpful response",
          "metrics": {
            "ROUGE-1": 0.029411764134948108,
            "ROUGE-2": 0.0,
            "ROUGE-L": 0.029411764134948108,
            "METEOR": 0.006024096385542168,
            "BLANC-help": 0.0,
            "BLANC-tune": -0.023255813953488372,
            "BERTScore": -0.10492583364248276,
            "Semantic Similarity": 0.2317885458469391,
            "Sentiment Match": 1.0,
            "Key Concept Coverage": 0.037037037037037035
          }
        },
        "Version3": {
          "text": "Lack of assistance offered",
          "metrics": {
            "ROUGE-1": 0.0857142846367347,
            "ROUGE-2": 0.0,
            "ROUGE-L": 0.0857142846367347,
            "METEOR": 0.01802884615384615,
            "BLANC-help": -0.023255813953488372,
            "BLANC-tune": 0.0,
            "BERTScore": -0.10779386013746262,
            "Semantic Similarity": 0.323911190032959,
            "Sentiment Match": 1.0,
            "Key Concept Coverage": 0.07407407407407407
          }
        }
      },
      "highest_scores": {
        "ROUGE-1": 0.0857142846367347,
        "ROUGE-2": 0.0,
        "ROUGE-L": 0.0857142846367347,
        "METEOR": 0.01802884615384615,
        "BLANC-help": 0.023255813953488372,
        "BLANC-tune": 0.023255813953488372,
        "BERTScore": -0.10492583364248276,
        "Semantic Similarity": 0.36979374289512634,
        "Sentiment Match": 1.0,
        "Key Concept Coverage": 0.07407407407407407
      }
    },
    {
      "review_id": 3,
      "review_text": "This place sucks and they lie.My nephew and his bride were here from England and my wedding gift for them was a day out on the like with jet skis.I called on Saturday sept 8th and got some Aussie guy on the phone who took my reservation for 2 jet skis the following morning at 8am, and also took my credit card info.When we arrived at 8 am the guy in the shop had no idea about our reservation. He had to call the Aussie guy, who then must have remembered me from the night before. Well it was raining on that morning and boulder highway had a section closed due to a marathon race. So the guy in the shop told me that they were not renting that day due to the fact that lake mead was closed.I'd never heard of this before, but I was disappointed and left. My nephew and his bride were upset, but we moved on. I then saw a cop, by the closed section of the highway and asked him if lake mead was in fact closed. He said no and there were two other alternate routes to get there.So this skiwi rental place flat out lied to us. I ended up renting a couple of high powered skis from their competition who couldn't believe they did that to us, and he gave us a discount. Go with vegas jet ski rental. Much more professional and don't lie to their customers and tell them the lake is closed.Btw, the weather got beautiful later that day and we all had the best day.",
      "summaries": {
        "Version1": {
          "text": "Rental deception and disappointment",
          "metrics": {
            "ROUGE-1": 0.01290322530364206,
            "ROUGE-2": 0.0,
            "ROUGE-L": 0.01290322530364206,
            "METEOR": 0.005778120184899845,
            "BLANC-help": -0.022222222222222223,
            "BLANC-tune": 0.014814814814814815,
            "BERTScore": -0.16293339431285858,
            "Semantic Similarity": 0.44477659463882446,
            "Sentiment Match": 1.0,
            "Key Concept Coverage": 0.013888888888888888
          }
        },
        "Version2": {
          "text": "Misleading lake closure claim",
          "metrics": {
            "ROUGE-1": 0.01290322530364206,
            "ROUGE-2": 0.0,
            "ROUGE-L": 0.01290322530364206,
            "METEOR": 0.0038520801232665635,
            "BLANC-help": 0.037037037037037035,
            "BLANC-tune": 0.044444444444444446,
            "BERTScore": -0.19553200900554657,
            "Semantic Similarity": 0.12432122975587845,
            "Sentiment Match": 1.0,
            "Key Concept Coverage": 0.013888888888888888
          }
        },
        "Version3": {
          "text": "Jet ski rental fraudulence",
          "metrics": {
            "ROUGE-1": 0.02580645111009366,