{
  "detailed_results": [
    {
      "review_id": 1,
      "review_text": "Straight to the point, it's cheap, it tastes and feels cheap. The good: price, location, dessert (recommended food items are: baked chicken, fried chicken, potatoes, Salad, meat and cheese, pizza) also our waitress was great. The normal: behind the counter meat slicing station, shrimp (not even deshelled), Mexican station. The bad: breakfast -worst eggs ever, actually worst, eggs. The chef can't even cut through ham or hard bread (tried on all 3 occasions), beef, shrimp again. As for decoration, it's the 1970 nightmare you can imagine.",
      "summaries": {
        "Version1": {
          "text": "Budget vibes and underwhelming food.",
          "metrics": {
            "ROUGE-1": 0.050632910206697676,
            "ROUGE-2": 0.0,
            "ROUGE-L": 0.02531645451049517,
            "METEOR": 0.013698630136986302,
            "BLANC-help": 0.05263157894736842,
            "BLANC-tune": -0.03508771929824561,
            "BERTScore": -0.05288035422563553,
            "Semantic Similarity": 0.480067640542984,
            "Sentiment Match": 1.0,
            "Key Concept Coverage": 0.023809523809523808
          }
        },
        "Version2": {
          "text": "Low-cost experience with questionable cuisine.",
          "metrics": {
            "ROUGE-1": 0.0,
            "ROUGE-2": 0.0,
            "ROUGE-L": 0.0,
            "METEOR": 0.004566210045662101,
            "BLANC-help": 0.03508771929824561,
            "BLANC-tune": 0.0,
            "BERTScore": -0.027736634016036987,
            "Semantic Similarity": 0.6361516714096069,
            "Sentiment Match": 1.0,
            "Key Concept Coverage": 0.0
          }
        },
        "Version3": {
          "text": "Disappointing food quality despite cheap prices.",
          "metrics": {
            "ROUGE-1": 0.04999999861250004,
            "ROUGE-2": 0.0,
            "ROUGE-L": 0.04999999861250004,
            "METEOR": 0.018248175182481754,
            "BLANC-help": 0.0,
            "BLANC-tune": 0.017543859649122806,
            "BERTScore": -0.030810203403234482,
            "Semantic Similarity": 0.5796862244606018,
            "Sentiment Match": 1.0,
            "Key Concept Coverage": 0.07142857142857142
          }
        }
      },
      "highest_scores": {
        "ROUGE-1": 0.050632910206697676,
        "ROUGE-2": 0.0,
        "ROUGE-L": 0.04999999861250004,
        "METEOR": 0.018248175182481754,
        "BLANC-help": 0.05263157894736842,
        "BLANC-tune": 0.017543859649122806,
        "BERTScore": -0.027736634016036987,
        "Semantic Similarity": 0.6361516714096069,
        "Sentiment Match": 1.0,
        "Key Concept Coverage": 0.07142857142857142
      }
    },
    {
      "review_id": 2,
      "review_text": "We started with the burger set, a big mistake. It was cold and the fries were old. Mentioned to our waitress, but nothing came of it.  We ordered a large thin pizza which was a bit pricey after adding toppings. Pizza was ok, not great. Aside from not being our advocate, our server was good.  I have been here before for a football game, it was better then. Will try another venue next time.",
      "summaries": {
        "Version1": {
          "text": "Food Quality Issues",
          "metrics": {
            "ROUGE-1": 0.0,
            "ROUGE-2": 0.0,
            "ROUGE-L": 0.0,
            "METEOR": 0.0,
            "BLANC-help": -0.12195121951219512,
            "BLANC-tune": 0.024390243902439025,
            "BERTScore": -0.16851475834846497,
            "Semantic Similarity": 0.4335178732872009,
            "Sentiment Match": 1.0,
            "Key Concept Coverage": 0.0
          }
        },
        "Version2": {
          "text": "Unsatisfactory Meal Experience",
          "metrics": {
            "ROUGE-1": 0.0,
            "ROUGE-2": 0.0,
            "ROUGE-L": 0.0,
            "METEOR": 0.0,
            "BLANC-help": -0.17073170731707318,
            "BLANC-tune": -0.04878048780487805,
            "BERTScore": -0.23929725587368011,
            "Semantic Similarity": 0.487903356552124,
            "Sentiment Match": 1.0,
            "Key Concept Coverage": 0.0
          }
        },
        "Version3": {
          "text": "Cold Food and Old Fries",
          "metrics": {
            "ROUGE-1": 0.03030302890266306,
            "ROUGE-2": 0.0,
            "ROUGE-L": 0.03030302890266306,
            "METEOR": 0.025380710659898473,
            "BLANC-help": -0.07317073170731707,
            "BLANC-tune": 0.04878048780487805,
            "BERTScore": -0.07046005129814148,
            "Semantic Similarity": 0.47490987181663513,
            "Sentiment Match": 1.0,
            "Key Concept Coverage": 0.0
          }
        }
      },
      "highest_scores": {
        "ROUGE-1": 0.03030302890266306,
        "ROUGE-2": 0.0,
        "ROUGE-L": 0.03030302890266306,
        "METEOR": 0.025380710659898473,
        "BLANC-help": -0.07317073170731707,
        "BLANC-tune": 0.04878048780487805,
        "BERTScore": -0.07046005129814148,
        "Semantic Similarity": 0.487903356552124,
        "Sentiment Match": 1.0,
        "Key Concept Coverage": 0.0
      }
    },
    {
      "review_id": 3,
      "review_text": "This is a so-called restaurant that doesn't do anything a restaurant should do except preparing food, the rest is left to the guest. Do you want water? Get up and go across the yard to get it. If you want a drink, go downstairs and pay in cash. Want to sit in dirty deckchairs in a dirty garden, enjoy yourself. The waiters are a little bit helpful as they bring you your food after you go to the window and pay cash for it. Kind of like New Orleans Hamburger and Seafood, but dirty and with live music (which is nice). It's a once in a lifetime experience for me... just once.",
      "summaries": {
        "Version1": {
          "text": "Unique dining experience",
          "metrics": {
            "ROUGE-1": 0.025316454965550416,
            "ROUGE-2": 0.0,
            "ROUGE-L": 0.025316454965550416,
            "METEOR": 0.0042955326460481094,
            "BLANC-help": 0.03636363636363636,
            "BLANC-tune": 0.03636363636363636,
            "BERTScore": -0.08969713747501373,
            "Semantic Similarity": 0.5627180337905884,
            "Sentiment Match": 1.0,
            "Key Concept Coverage": 0.03125
          }
        },
        "Version2": {
          "text": "DIY dining concept",
          "metrics": {
            "ROUGE-1": 0.0,
            "ROUGE-2": 0.0,
            "ROUGE-L": 0.0,
            "METEOR": 0.0,
            "BLANC-help": 0.07272727272727272,
            "BLANC-tune": -0.03636363636363636,
            "BERTScore": -0.13192930817604065,
            "Semantic Similarity": 0.54908686876297,
            "Sentiment Match": 1.0,
            "Key Concept Coverage": 0.0
          }
        },
        "Version3": {
          "text": "Sparsely furnished outdoor space",
          "metrics": {
            "ROUGE-1": 0.0,
            "ROUGE-2": 0.0,
            "ROUGE-L": 0.0,
            "METEOR": 0.0,
            "BLANC-help": 0.05454545454545454,
            "BLANC-tune": 0.01818181818181818,
            "BERTScore": -0.2518228590488434,
            "Semantic Similarity": 0.4179167151451111,
            "Sentiment Match": 1.0,
            "Key Concept Coverage": 0.0
          }
        }
      },
      "highest_scores": {
        "ROUGE-1": 0.025316454965550416,
        "ROUGE-2": 0.0,
        "ROUGE-L": 0.025316454965550416,
        "METEOR": 0.0042955326460481094,
        "BLANC-help": 0.07272727272727272,
        "BLANC-tune": 0.03636363636363636,
        "BERTScore": -0.08969713747501373,
        "Semantic Similarity": 0.5627180337905884,
        "Sentiment Match": 1.0,
        "Key Concept Coverage": 0.03125
      }
    },
    {
      "review_id": 4,