{
  "detailed_results": [
    {
      "review_id": 1,
      "review_text": "Stopped here on my way up north and picked up a paddleboard. Staff was super attentive and knowledgeable while helping me get correct board for my size. I will definitely go back.",
      "summaries": {
        "Version1": {
          "text": "Excellent customer service.",
          "metrics": {
            "ROUGE-1": 0.0,
            "ROUGE-2": 0.0,
            "ROUGE-L": 0.0,
            "METEOR": 0.01567398119122257,
            "BLANC-help": -0.058823529411764705,
            "BLANC-tune": -0.11764705882352941,
            "BERTScore": 0.08143879473209381,
            "Semantic Similarity": 0.153916597366333,
            "Sentiment Match": 1.0,
            "Key Concept Coverage": 0.0
          }
        },
        "Version2": {
          "text": "Attentive staff.",
          "metrics": {
            "ROUGE-1": 0.0,
            "ROUGE-2": 0.0,
            "ROUGE-L": 0.0,
            "METEOR": 0.04716981132075471,
            "BLANC-help": 0.0,
            "BLANC-tune": 0.0,
            "BERTScore": -0.02592208795249462,
            "Semantic Similarity": 0.26036936044692993,
            "Sentiment Match": 1.0,
            "Key Concept Coverage": 0.08333333333333333
          }
        },
        "Version3": {
          "text": "Knowledgeable staff, perfect board selection.",
          "metrics": {
            "ROUGE-1": 0.058823526903114286,
            "ROUGE-2": 0.0,
            "ROUGE-L": 0.058823526903114286,
            "METEOR": 0.06211180124223602,
            "BLANC-help": 0.0,
            "BLANC-tune": 0.0,
            "BERTScore": 0.059183236211538315,
            "Semantic Similarity": 0.4603450894355774,
            "Sentiment Match": 1.0,
            "Key Concept Coverage": 0.16666666666666666
          }
        }
      },
      "highest_scores": {
        "ROUGE-1": 0.058823526903114286,
        "ROUGE-2": 0.0,
        "ROUGE-L": 0.058823526903114286,
        "METEOR": 0.06211180124223602,
        "BLANC-help": 0.0,
        "BLANC-tune": 0.0,
        "BERTScore": 0.08143879473209381,
        "Semantic Similarity": 0.4603450894355774,
        "Sentiment Match": 1.0,
        "Key Concept Coverage": 0.16666666666666666
      }
    },
    {
      "review_id": 2,
      "review_text": "We rolled in a little after 7; they close at 8. I needed a roof rack for my 240; hard to find. Staff patiently went through options and brought examples out. We rolled away with a sweet rack setup and installed; a little after 8.  Couldn't have been better.",
      "summaries": {
        "Version1": {
          "text": "Pleasant customer service",
          "metrics": {
            "ROUGE-1": 0.0,
            "ROUGE-2": 0.0,
            "ROUGE-L": 0.0,
            "METEOR": 0.0,
            "BLANC-help": 0.06666666666666667,
            "BLANC-tune": 0.0,
            "BERTScore": -0.16290408372879028,
            "Semantic Similarity": 0.16272492706775665,
            "Sentiment Match": 1.0,
            "Key Concept Coverage": 0.0
          }
        },
        "Version2": {
          "text": "Easy roof rack selection",
          "metrics": {
            "ROUGE-1": 0.0930232541265549,
            "ROUGE-2": 0.041666665494791706,
            "ROUGE-L": 0.0930232541265549,
            "METEOR": 0.019011406844106463,
            "BLANC-help": 0.1,
            "BLANC-tune": 0.06666666666666667,
            "BERTScore": 0.09628324955701828,
            "Semantic Similarity": 0.5796299576759338,
            "Sentiment Match": 1.0,
            "Key Concept Coverage": 0.11764705882352941
          }
        },
        "Version3": {
          "text": "Seamless transaction",
          "metrics": {
            "ROUGE-1": 0.0,
            "ROUGE-2": 0.0,
            "ROUGE-L": 0.0,
            "METEOR": 0.0,
            "BLANC-help": 0.0,
            "BLANC-tune": 0.03333333333333333,
            "BERTScore": -0.27473917603492737,
            "Semantic Similarity": 0.16288700699806213,
            "Sentiment Match": 1.0,
            "Key Concept Coverage": 0.0
          }
        }
      },
      "highest_scores": {
        "ROUGE-1": 0.0930232541265549,
        "ROUGE-2": 0.041666665494791706,
        "ROUGE-L": 0.0930232541265549,
        "METEOR": 0.019011406844106463,
        "BLANC-help": 0.1,
        "BLANC-tune": 0.06666666666666667,
        "BERTScore": 0.09628324955701828,
        "Semantic Similarity": 0.5796299576759338,
        "Sentiment Match": 1.0,
        "Key Concept Coverage": 0.11764705882352941
      }
    },
    {
      "review_id": 3,
      "review_text": "this little place was great! fun day with great jet skis...the older couple is extremely nice and made for an affordable fun time at the lake. I would highly recommend giving these guys a chance! they have the trailer hitch if you need and include many sized life jackets.",
      "summaries": {
        "Version1": {
          "text": "Excellent experience",
          "metrics": {
            "ROUGE-1": 0.0,
            "ROUGE-2": 0.0,
            "ROUGE-L": 0.0,
            "METEOR": 0.0,
            "BLANC-help": -0.0625,
            "BLANC-tune": -0.09375,
            "BERTScore": -0.1295677125453949,
            "Semantic Similarity": 0.266406387090683,
            "Sentiment Match": 1.0,
            "Key Concept Coverage": 0.0
          }
        },
        "Version2": {
          "text": "Affordable fun at the lake",
          "metrics": {
            "ROUGE-1": 0.15686274332948869,
            "ROUGE-2": 0.07547169671769313,
            "ROUGE-L": 0.15686274332948869,
            "METEOR": 0.07440000000000001,
            "BLANC-help": 0.0,
            "BLANC-tune": 0.0,
            "BERTScore": 0.19388097524642944,
            "Semantic Similarity": 0.5716008543968201,
            "Sentiment Match": 1.0,
            "Key Concept Coverage": 0.1111111111111111
          }
        },
        "Version3": {
          "text": "Friendly hosts, great jet skis",
          "metrics": {
            "ROUGE-1": 0.11764705705497887,
            "ROUGE-2": 0.07547169671769313,
            "ROUGE-L": 0.11764705705497887,
            "METEOR": 0.0587713461964959,
            "BLANC-help": 0.0625,
            "BLANC-tune": 0.03125,
            "BERTScore": 0.15271040797233582,
            "Semantic Similarity": 0.6327759027481079,
            "Sentiment Match": 1.0,
            "Key Concept Coverage": 0.1111111111111111
          }
        }
      },
      "highest_scores": {
        "ROUGE-1": 0.15686274332948869,
        "ROUGE-2": 0.07547169671769313,
        "ROUGE-L": 0.15686274332948869,
        "METEOR": 0.07440000000000001,
        "BLANC-help": 0.0625,
        "BLANC-tune": 0.03125,
        "BERTScore": 0.19388097524642944,
        "Semantic Similarity": 0.6327759027481079,
        "Sentiment Match": 1.0,
        "Key Concept Coverage": 0.1111111111111111
      }
    },
    {
      "review_id": 4,
      "review_text": "Best of the best. Awesome prices. Great running skis. Super Duper friendly as can be. Very nice, down to earth people. Life jackets, trailer, anchor, ties...everything you need supplied. I'll definitely be back. Maybe rent one of their boats. I can't say enough good things about this company...",
      "summaries": {
        "Version1": {
          "text": "Excellent service",
          "metrics": {
            "ROUGE-1": 0.0,
            "ROUGE-2": 0.0,
            "ROUGE-L": 0.0,
            "METEOR": 0.0,
            "BLANC-help": 0.0,
            "BLANC-tune": 0.0,
            "BERTScore": -0.16869311034679413,
            "Semantic Similarity": 0.4187949299812317,
            "Sentiment Match": 1.0,
            "Key Concept Coverage": 0.0
          }
        },
        "Version2": {
          "text": "Friendly and helpful staff",
          "metrics": {
            "ROUGE-1": 0.0,
            "ROUGE-2": 0.0,
            "ROUGE-L": 0.0,
            "METEOR": 0.008488964346349746,