{
  "detailed_results": [
    {
      "review_id": 1,
      "review_text": "This paddle sport supply store is stocked to the rafters with a staggering selection of everything you could possibly ever need to get your crazy paddle on.  Owners, Jeff and Darren, are friendly and quick to answer even silly newbie questions.",
      "summaries": {
        "Version1": {
          "text": "Friendly owners, extensive paddle supply.",
          "metrics": {
            "ROUGE-1": 0.09523809314058962,
            "ROUGE-2": 0.0,
            "ROUGE-L": 0.09523809314058962,
            "METEOR": 0.07281553398058253,
            "BLANC-help": -0.07142857142857142,
            "BLANC-tune": 0.0,
            "BERTScore": 0.16095320880413055,
            "Semantic Similarity": 0.7830703258514404,
            "Sentiment Match": 1.0,
            "Key Concept Coverage": 0.1875
          }
        },
        "Version2": {
          "text": "Comprehensive stock; knowledgeable staff await.",
          "metrics": {
            "ROUGE-1": 0.0,
            "ROUGE-2": 0.0,
            "ROUGE-L": 0.0,
            "METEOR": 0.024271844660194178,
            "BLANC-help": 0.03571428571428571,
            "BLANC-tune": 0.03571428571428571,
            "BERTScore": 0.04406719654798508,
            "Semantic Similarity": 0.29258033633232117,
            "Sentiment Match": 1.0,
            "Key Concept Coverage": 0.0625
          }
        },
        "Version3": {
          "text": "All-inclusive kayaking necessities available.",
          "metrics": {
            "ROUGE-1": 0.0,
            "ROUGE-2": 0.0,
            "ROUGE-L": 0.0,
            "METEOR": 0.012195121951219511,
            "BLANC-help": 0.0,
            "BLANC-tune": 0.0,
            "BERTScore": -0.005161108914762735,
            "Semantic Similarity": 0.5461287498474121,
            "Sentiment Match": 1.0,
            "Key Concept Coverage": 0.0
          }
        }
      },
      "highest_scores": {
        "ROUGE-1": 0.09523809314058962,
        "ROUGE-2": 0.0,
        "ROUGE-L": 0.09523809314058962,
        "METEOR": 0.07281553398058253,
        "BLANC-help": 0.03571428571428571,
        "BLANC-tune": 0.03571428571428571,
        "BERTScore": 0.16095320880413055,
        "Semantic Similarity": 0.7830703258514404,
        "Sentiment Match": 1.0,
        "Key Concept Coverage": 0.1875
      }
    },
    {
      "review_id": 2,
      "review_text": "This place is a veritable candy store for outdoor enthusiasts, especially kayak and canoers. Really friendly and knowledgeable people ready to help. They have a huge inventory of watercraft out back, so don't get fooled by the size of the building or showroom. The building backs up to a channel that makes it possible to test drive a kayak or canoe. One word of warning - you will want to buy something, anything, when you walk in.",
      "summaries": {
        "Version1": {
          "text": "Outdoor enthusiasts' watercraft haven",
          "metrics": {
            "ROUGE-1": 0.02985074514591227,
            "ROUGE-2": 0.0,
            "ROUGE-L": 0.02985074514591227,
            "METEOR": 0.032430908065425826,
            "BLANC-help": 0.022727272727272728,
            "BLANC-tune": -0.022727272727272728,
            "BERTScore": 0.08782078325748444,
            "Semantic Similarity": 0.5351731777191162,
            "Sentiment Match": 1.0,
            "Key Concept Coverage": 0.09090909090909091
          }
        },
        "Version2": {
          "text": "Friendly staff, vast kayak inventory",
          "metrics": {
            "ROUGE-1": 0.05882352804930799,
            "ROUGE-2": 0.0,
            "ROUGE-L": 0.05882352804930799,
            "METEOR": 0.03168567807351077,
            "BLANC-help": 0.022727272727272728,
            "BLANC-tune": 0.0,
            "BERTScore": 0.11365070194005966,
            "Semantic Similarity": 0.601752519607544,
            "Sentiment Match": 1.0,
            "Key Concept Coverage": 0.06060606060606061
          }
        },
        "Version3": {
          "text": "Channel test drive encourages purchases",
          "metrics": {
            "ROUGE-1": 0.05882352804930799,
            "ROUGE-2": 0.024999999050000037,
            "ROUGE-L": 0.05882352804930799,
            "METEOR": 0.032430908065425826,
            "BLANC-help": -0.022727272727272728,
            "BLANC-tune": 0.045454545454545456,
            "BERTScore": 0.04367518797516823,
            "Semantic Similarity": 0.4060995578765869,
            "Sentiment Match": 1.0,
            "Key Concept Coverage": 0.06060606060606061
          }
        }
      },
      "highest_scores": {
        "ROUGE-1": 0.05882352804930799,
        "ROUGE-2": 0.024999999050000037,
        "ROUGE-L": 0.05882352804930799,
        "METEOR": 0.032430908065425826,
        "BLANC-help": 0.022727272727272728,
        "BLANC-tune": 0.045454545454545456,
        "BERTScore": 0.11365070194005966,
        "Semantic Similarity": 0.601752519607544,
        "Sentiment Match": 1.0,
        "Key Concept Coverage": 0.09090909090909091
      }
    },
    {
      "review_id": 3,
      "review_text": "I've done quite a bit of canoeing and kayaking - lakes, rivers, whitewater, but, never actually owned my own Kayak.  I live on the Sugar River and was looking for a nice boat that had a good balance of maneuverability, stability, tracking, and efficiency so I could use it on the river but, also take it on nice paddles on lakes.The staff were excellent about helping me and very patient as I tried numerous boats, over and over and over, at their test area located on the channel between Lake Monona and Upper Mud Lake on the Yahara.  In the end, I ended up picking the boat that TWO staff people first recommended right from the start.  They listened to my needs, helped me extensively, and made some really good recommendations for selection of a paddle and other accessories.I've since purchased the boat and have had MANY opportunities to paddle it - on flat water, rivers, and some small rapids.  The boat has been great for me.I will definitely come back - we are looking at another purchase for my wife.",
      "summaries": {
        "Version1": {
          "text": "Excellent staff, perfect boat choice.",
          "metrics": {
            "ROUGE-1": 0.015748030739661516,
            "ROUGE-2": 0.0,
            "ROUGE-L": 0.015748030739661516,
            "METEOR": 0.013631406761177753,
            "BLANC-help": 0.009615384615384616,
            "BLANC-tune": -0.0673076923076923,
            "BERTScore": -0.032658651471138,
            "Semantic Similarity": 0.5109975934028625,
            "Sentiment Match": 1.0,
            "Key Concept Coverage": 0.05454545454545454
          }
        },
        "Version2": {
          "text": "Patient assistance, great paddling experiences.",
          "metrics": {
            "ROUGE-1": 0.015748030739661516,
            "ROUGE-2": 0.0,
            "ROUGE-L": 0.015748030739661516,
            "METEOR": 0.016357688113413305,
            "BLANC-help": 0.0,
            "BLANC-tune": -0.08653846153846154,
            "BERTScore": 0.010048517026007175,
            "Semantic Similarity": 0.43691977858543396,
            "Sentiment Match": 1.0,
            "Key Concept Coverage": 0.05454545454545454
          }
        },
        "Version3": {
          "text": "Maneuverability met, satisfied buyer returns.",
          "metrics": {
            "ROUGE-1": 0.0,
            "ROUGE-2": 0.0,
            "ROUGE-L": 0.0,
            "METEOR": 0.010905125408942203,
            "BLANC-help": 0.019230769230769232,
            "BLANC-tune": -0.038461538461538464,
            "BERTScore": -0.18918992578983307,
            "Semantic Similarity": 0.10778672993183136,
            "Sentiment Match": 1.0,
            "Key Concept Coverage": 0.0
          }
        }
      },
      "highest_scores": {
        "ROUGE-1": 0.015748030739661516,
        "ROUGE-2": 0.0,
        "ROUGE-L": 0.015748030739661516,