{
  "detailed_results": [
    {
      "review_id": 1,
      "review_text": "Straight to the point, it's cheap, it tastes and feels cheap. The good: price, location, dessert (recommended food items are: baked chicken, fried chicken, potatoes, Salad, meat and cheese, pizza) also our waitress was great. The normal: behind the counter meat slicing station, shrimp (not even deshelled), Mexican station. The bad: breakfast -worst eggs ever, actually worst, eggs. The chef can't even cut through ham or hard bread (tried on all 3 occasions), beef, shrimp again. As for decoration, it's the 1970 nightmare you can imagine.",
      "summaries": {
        "Version1": {
          "text": "Affordable, convenient; service and flavors shine.",
          "metrics": {
            "ROUGE-1": 0.024999998612500077,
            "ROUGE-2": 0.0,
            "ROUGE-L": 0.024999998612500077,
            "METEOR": 0.018214936247723135,
            "BLANC-help": 0.03508771929824561,
            "BLANC-tune": -0.017543859649122806,
            "BERTScore": -0.08268439769744873,
            "Semantic Similarity": 0.3246535658836365,
            "Sentiment Match": 1.0,
            "Key Concept Coverage": 0.0
          }
        },
        "Version2": {
          "text": "Great deals, food variety; breakfast disappoints.",
          "metrics": {
            "ROUGE-1": 0.04999999861250004,
            "ROUGE-2": 0.0,
            "ROUGE-L": 0.04999999861250004,
            "METEOR": 0.02276867030965392,
            "BLANC-help": 0.05263157894736842,
            "BLANC-tune": -0.017543859649122806,
            "BERTScore": -0.0013861607294529676,
            "Semantic Similarity": 0.648555338382721,
            "Sentiment Match": 1.0,
            "Key Concept Coverage": 0.07142857142857142
          }
        },
        "Version3": {
          "text": "Excellent desserts, decent decor; slicing skills lacking.",
          "metrics": {
            "ROUGE-1": 0.024691356445663875,
            "ROUGE-2": 0.0,
            "ROUGE-L": 0.024691356445663875,
            "METEOR": 0.02274795268425842,
            "BLANC-help": 0.03508771929824561,
            "BLANC-tune": -0.03508771929824561,
            "BERTScore": -0.009358438663184643,
            "Semantic Similarity": 0.4806252121925354,
            "Sentiment Match": 1.0,
            "Key Concept Coverage": 0.023809523809523808
          }
        }
      },
      "highest_scores": {
        "ROUGE-1": 0.04999999861250004,
        "ROUGE-2": 0.0,
        "ROUGE-L": 0.04999999861250004,
        "METEOR": 0.02276867030965392,
        "BLANC-help": 0.05263157894736842,
        "BLANC-tune": -0.017543859649122806,
        "BERTScore": -0.0013861607294529676,
        "Semantic Similarity": 0.648555338382721,
        "Sentiment Match": 1.0,
        "Key Concept Coverage": 0.07142857142857142
      }
    },
    {
      "review_id": 2,
      "review_text": "We started with the burger set, a big mistake. It was cold and the fries were old. Mentioned to our waitress, but nothing came of it.  We ordered a large thin pizza which was a bit pricey after adding toppings. Pizza was ok, not great. Aside from not being our advocate, our server was good.  I have been here before for a football game, it was better then. Will try another venue next time.",
      "summaries": {
        "Version1": {
          "text": "Cold fries, old burger; pizza satisfactory.",
          "metrics": {
            "ROUGE-1": 0.05970149090666078,
            "ROUGE-2": 0.0,
            "ROUGE-L": 0.05970149090666078,
            "METEOR": 0.044191919191919185,
            "BLANC-help": 0.07317073170731707,
            "BLANC-tune": 0.024390243902439025,
            "BERTScore": 0.128429114818573,
            "Semantic Similarity": 0.632834792137146,
            "Sentiment Match": 1.0,
            "Key Concept Coverage": 0.16129032258064516
          }
        },
        "Version2": {
          "text": "Server indifferent, food quality inconsistent.",
          "metrics": {
            "ROUGE-1": 0.0,
            "ROUGE-2": 0.0,
            "ROUGE-L": 0.0,
            "METEOR": 0.0189873417721519,
            "BLANC-help": -0.024390243902439025,
            "BLANC-tune": -0.0975609756097561,
            "BERTScore": 0.0691039115190506,
            "Semantic Similarity": 0.4486914277076721,
            "Sentiment Match": 1.0,
            "Key Concept Coverage": 0.03225806451612903
          }
        },
        "Version3": {
          "text": "Recommend venue elsewhere for improved experience.",
          "metrics": {
            "ROUGE-1": 0.05970149090666078,
            "ROUGE-2": 0.0,
            "ROUGE-L": 0.05970149090666078,
            "METEOR": 0.0189873417721519,
            "BLANC-help": -0.04878048780487805,
            "BLANC-tune": 0.024390243902439025,
            "BERTScore": 0.07124583423137665,
            "Semantic Similarity": 0.30527573823928833,
            "Sentiment Match": 1.0,
            "Key Concept Coverage": 0.03225806451612903
          }
        }
      },
      "highest_scores": {
        "ROUGE-1": 0.05970149090666078,
        "ROUGE-2": 0.0,
        "ROUGE-L": 0.05970149090666078,
        "METEOR": 0.044191919191919185,
        "BLANC-help": 0.07317073170731707,
        "BLANC-tune": 0.024390243902439025,
        "BERTScore": 0.128429114818573,
        "Semantic Similarity": 0.632834792137146,
        "Sentiment Match": 1.0,
        "Key Concept Coverage": 0.16129032258064516
      }
    },
    {
      "review_id": 3,
      "review_text": "This is a so-called restaurant that doesn't do anything a restaurant should do except preparing food, the rest is left to the guest. Do you want water? Get up and go across the yard to get it. If you want a drink, go downstairs and pay in cash. Want to sit in dirty deckchairs in a dirty garden, enjoy yourself. The waiters are a little bit helpful as they bring you your food after you go to the window and pay cash for it. Kind of like New Orleans Hamburger and Seafood, but dirty and with live music (which is nice). It's a once in a lifetime experience for me... just once.",
      "summaries": {
        "Version1": {
          "text": "Dirty garden, cash payments, self-service.",
          "metrics": {
            "ROUGE-1": 0.049382714891022736,
            "ROUGE-2": 0.0,
            "ROUGE-L": 0.049382714891022736,
            "METEOR": 0.036474669708202644,
            "BLANC-help": 0.01818181818181818,
            "BLANC-tune": 0.10909090909090909,
            "BERTScore": 0.03408648818731308,
            "Semantic Similarity": 0.39441415667533875,
            "Sentiment Match": 1.0,
            "Key Concept Coverage": 0.09375
          }
        },
        "Version2": {
          "text": "Live music, dirty chairs; unique experience.",
          "metrics": {
            "ROUGE-1": 0.04878048644854257,
            "ROUGE-2": 0.0,
            "ROUGE-L": 0.04878048644854257,
            "METEOR": 0.036443494776828116,
            "BLANC-help": 0.05454545454545454,
            "BLANC-tune": 0.03636363636363636,
            "BERTScore": 0.13430219888687134,
            "Semantic Similarity": 0.47972965240478516,
            "Sentiment Match": 1.0,
            "Key Concept Coverage": 0.125
          }
        },
        "Version3": {
          "text": "Unique dining; grubby but enjoyable atmosphere.",
          "metrics": {
            "ROUGE-1": 0.024390242546103585,
            "ROUGE-2": 0.0,
            "ROUGE-L": 0.024390242546103585,
            "METEOR": 0.01283147989734816,
            "BLANC-help": 0.07272727272727272,
            "BLANC-tune": 0.01818181818181818,
            "BERTScore": 0.02332458272576332,
            "Semantic Similarity": 0.5027528405189514,
            "Sentiment Match": 1.0,
            "Key Concept Coverage": 0.0
          }
        }
      },
      "highest_scores": {
        "ROUGE-1": 0.049382714891022736,
        "ROUGE-2": 0.0,
        "ROUGE-L": 0.049382714891022736,