{
  "Version1": {
    "BLANC-help": 0.0,
    "BLANC-tune": 0.0,
    "METEOR": 0.10000000000000002,
    "ROUGE-1": {
      "r": 0.0,
      "p": 0.0,
      "f": 0.0
    },
    "ROUGE-2": {
      "r": 0.0,
      "p": 0.0,
      "f": 0.0
    },
    "ROUGE-L": {
      "r": 0.0,
      "p": 0.0,
      "f": 0.0
    }
  },
  "Version2": {
    "BLANC-help": -0.25,
    "BLANC-tune": -0.25,
    "METEOR": 0.10000000000000002,
    "ROUGE-1": {
      "r": 0.2,
      "p": 0.2,
      "f": 0.19999999500000015
    },
    "ROUGE-2": {
      "r": 0.0,
      "p": 0.0,
      "f": 0.0
    },
    "ROUGE-L": {
      "r": 0.2,
      "p": 0.2,
      "f": 0.19999999500000015
    }
  },
  "Version3": {
    "BLANC-help": -0.25,
    "BLANC-tune": -0.25,
    "METEOR": 0.0,
    "ROUGE-1": {
      "r": 0.0,
      "p": 0.0,
      "f": 0.0
    },
    "ROUGE-2": {
      "r": 0.0,
      "p": 0.0,
      "f": 0.0
    },
    "ROUGE-L": {
      "r": 0.0,
      "p": 0.0,
      "f": 0.0
    }
  }
}