{
  "Version1": {
    "BLANC-help": 0.03508771929824561,
    "BLANC-tune": -0.017543859649122806,
    "METEOR": 0.018214936247723135,
    "ROUGE-1": {
      "r": 0.013513513513513514,
      "p": 0.16666666666666666,
      "f": 0.024999998612500077
    },
    "ROUGE-2": {
      "r": 0.0,
      "p": 0.0,
      "f": 0.0
    },
    "ROUGE-L": {
      "r": 0.013513513513513514,
      "p": 0.16666666666666666,
      "f": 0.024999998612500077
    }
  },
  "Version2": {
    "BLANC-help": 0.05263157894736842,
    "BLANC-tune": 0.0,
    "METEOR": 0.02276867030965392,
    "ROUGE-1": {
      "r": 0.02702702702702703,
      "p": 0.3333333333333333,
      "f": 0.04999999861250004
    },
    "ROUGE-2": {
      "r": 0.0,
      "p": 0.0,
      "f": 0.0
    },
    "ROUGE-L": {
      "r": 0.02702702702702703,
      "p": 0.3333333333333333,
      "f": 0.04999999861250004
    }
  },
  "Version3": {
    "BLANC-help": 0.03508771929824561,
    "BLANC-tune": 0.0,
    "METEOR": 0.02274795268425842,
    "ROUGE-1": {
      "r": 0.013513513513513514,
      "p": 0.14285714285714285,
      "f": 0.024691356445663875
    },
    "ROUGE-2": {
      "r": 0.0,
      "p": 0.0,
      "f": 0.0
    },
    "ROUGE-L": {
      "r": 0.013513513513513514,
      "p": 0.14285714285714285,
      "f": 0.024691356445663875
    }
  }
}