{
  "detailed_results": [
    {
      "review_id": 1,
      "review_text": "We started with the burger set, a big mistake. It was cold and the fries were old. Mentioned to our waitress, but nothing came of it.  We ordered a large thin pizza which was a bit pricey after adding toppings. Pizza was ok, not great. Aside from not being our advocate, our server was good.  I have been here before for a football game, it was better then. Will try another venue next time.",
      "summaries": {
        "Version1": {
          "text": "Bad food, cold service",
          "metrics": {
            "ROUGE-1": 0.030769229614201227,
            "ROUGE-2": 0.0,
            "ROUGE-L": 0.030769229614201227,
            "METEOR": 0.019035532994923856,
            "BLANC-help": -0.0975609756097561,
            "BLANC-tune": 0.04878048780487805,
            "BERTScore": -0.06458660960197449,
            "Semantic Similarity": 0.40340399742126465,
            "Sentiment Match": 1.0,
            "Key Concept Coverage": 0.03225806451612903
          }
        },
        "Version2": {
          "text": "Food issues, server indifference",
          "metrics": {
            "ROUGE-1": 0.030769229614201227,
            "ROUGE-2": 0.0,
            "ROUGE-L": 0.030769229614201227,
            "METEOR": 0.012690355329949237,
            "BLANC-help": -0.0975609756097561,
            "BLANC-tune": 0.0,
            "BERTScore": -0.07522667944431305,
            "Semantic Similarity": 0.5213028192520142,
            "Sentiment Match": 1.0,
            "Key Concept Coverage": 0.03225806451612903
          }
        },
        "Version3": {
          "text": "Cold food, subpar experience",
          "metrics": {
            "ROUGE-1": 0.0,
            "ROUGE-2": 0.0,
            "ROUGE-L": 0.0,
            "METEOR": 0.012690355329949237,
            "BLANC-help": -0.12195121951219512,
            "BLANC-tune": 0.024390243902439025,
            "BERTScore": -0.025784354656934738,
            "Semantic Similarity": 0.40041324496269226,
            "Sentiment Match": 1.0,
            "Key Concept Coverage": 0.03225806451612903
          }
        }
      },
      "highest_scores": {
        "ROUGE-1": 0.030769229614201227,
        "ROUGE-2": 0.0,
        "ROUGE-L": 0.030769229614201227,
        "METEOR": 0.019035532994923856,
        "BLANC-help": -0.0975609756097561,
        "BLANC-tune": 0.04878048780487805,
        "BERTScore": -0.025784354656934738,
        "Semantic Similarity": 0.5213028192520142,
        "Sentiment Match": 1.0,
        "Key Concept Coverage": 0.03225806451612903
      }
    },
    {
      "review_id": 2,
      "review_text": "This is a so-called restaurant that doesn't do anything a restaurant should do except preparing food, the rest is left to the guest. Do you want water? Get up and go across the yard to get it. If you want a drink, go downstairs and pay in cash. Want to sit in dirty deckchairs in a dirty garden, enjoy yourself. The waiters are a little bit helpful as they bring you your food after you go to the window and pay cash for it. Kind of like New Orleans Hamburger and Seafood, but dirty and with live music (which is nice). It's a once in a lifetime experience for me... just once.",
      "summaries": {
        "Version1": {
          "text": "Self-service eatery",
          "metrics": {
            "ROUGE-1": 0.0,
            "ROUGE-2": 0.0,
            "ROUGE-L": 0.0,
            "METEOR": 0.0,
            "BLANC-help": 0.01818181818181818,
            "BLANC-tune": 0.09090909090909091,
            "BERTScore": -0.04382775351405144,
            "Semantic Similarity": 0.5414929389953613,
            "Sentiment Match": 1.0,
            "Key Concept Coverage": 0.0
          }
        },
        "Version2": {
          "text": "Limited dining experience",
          "metrics": {
            "ROUGE-1": 0.025316454965550416,
            "ROUGE-2": 0.0,
            "ROUGE-L": 0.025316454965550416,
            "METEOR": 0.0042955326460481094,
            "BLANC-help": 0.03636363636363636,
            "BLANC-tune": -0.03636363636363636,
            "BERTScore": -0.08476805686950684,
            "Semantic Similarity": 0.5853949785232544,
            "Sentiment Match": 1.0,
            "Key Concept Coverage": 0.03125
          }
        },
        "Version3": {
          "text": "Nonconformist nourishment",
          "metrics": {
            "ROUGE-1": 0.0,
            "ROUGE-2": 0.0,
            "ROUGE-L": 0.0,
            "METEOR": 0.0,
            "BLANC-help": 0.01818181818181818,
            "BLANC-tune": 0.01818181818181818,
            "BERTScore": -0.37672528624534607,
            "Semantic Similarity": 0.1651228666305542,
            "Sentiment Match": 1.0,
            "Key Concept Coverage": 0.0
          }
        }
      },
      "highest_scores": {
        "ROUGE-1": 0.025316454965550416,
        "ROUGE-2": 0.0,
        "ROUGE-L": 0.025316454965550416,
        "METEOR": 0.0042955326460481094,
        "BLANC-help": 0.03636363636363636,
        "BLANC-tune": 0.09090909090909091,
        "BERTScore": -0.04382775351405144,
        "Semantic Similarity": 0.5853949785232544,
        "Sentiment Match": 1.0,
        "Key Concept Coverage": 0.03125
      }
    },
    {
      "review_id": 3,
      "review_text": "My brother came to visit and we wanted to pick up a six pack of good beer for one night. We ended up staying and having a few while playing their Nintendo 64 (Super Smash Brothers which the owner said was donated by other customers). It's a great place with good food and really nice people. Should be a staple in the Northeast.",
      "summaries": {
        "Version1": {
          "text": "Good people, beer, place",
          "metrics": {
            "ROUGE-1": 0.03448275733650421,
            "ROUGE-2": 0.0,
            "ROUGE-L": 0.03448275733650421,
            "METEOR": 0.031446540880503145,
            "BLANC-help": -0.1111111111111111,
            "BLANC-tune": 0.0,
            "BERTScore": -0.1534096747636795,
            "Semantic Similarity": 0.570540726184845,
            "Sentiment Match": 1.0,
            "Key Concept Coverage": 0.16
          }
        },
        "Version2": {
          "text": "Great food, beer, vibes",
          "metrics": {
            "ROUGE-1": 0.0,
            "ROUGE-2": 0.0,
            "ROUGE-L": 0.0,
            "METEOR": 0.023584905660377357,
            "BLANC-help": -0.05555555555555555,
            "BLANC-tune": -0.05555555555555555,
            "BERTScore": -0.026544006541371346,
            "Semantic Similarity": 0.5467001795768738,
            "Sentiment Match": 1.0,
            "Key Concept Coverage": 0.12
          }
        },
        "Version3": {
          "text": "Good friends, beer, night",
          "metrics": {
            "ROUGE-1": 0.03448275733650421,
            "ROUGE-2": 0.0,
            "ROUGE-L": 0.03448275733650421,
            "METEOR": 0.023584905660377357,
            "BLANC-help": 0.0,
            "BLANC-tune": -0.05555555555555555,
            "BERTScore": -0.06034513935446739,
            "Semantic Similarity": 0.48830267786979675,
            "Sentiment Match": 1.0,
            "Key Concept Coverage": 0.12
          }
        }
      },
      "highest_scores": {
        "ROUGE-1": 0.03448275733650421,
        "ROUGE-2": 0.0,
        "ROUGE-L": 0.03448275733650421,
        "METEOR": 0.031446540880503145,
        "BLANC-help": 0.0,
        "BLANC-tune": 0.0,
        "BERTScore": -0.026544006541371346,
        "Semantic Similarity": 0.570540726184845,
        "Sentiment Match": 1.0,
        "Key Concept Coverage": 0.16
      }
    },
    {
      "review_id": 4,