{
  "detailed_results": [
    {
      "review_id": 1,
      "review_text": "This place was a joke we rented 1 jet ski and brought it back with one scratch. I have been waiting over two weeks for him to tell us how much he's going to charge us why they have held our deposit. Hardly picks up Phone never calls back rarely is there.... Looked at all the good reviews thought it was a good place but I've had the worst experience ever.. By far the worst company I've ever dealt with.. Be careful!",
      "summaries": {
        "Version1": {
          "text": "Poor customer service experienced here",
          "metrics": {
            "ROUGE-1": 0.0,
            "ROUGE-2": 0.0,
            "ROUGE-L": 0.0,
            "METEOR": 0.0,
            "BLANC-help": 0.06818181818181818,
            "BLANC-tune": 0.022727272727272728,
            "BERTScore": -0.09436734765768051,
            "Semantic Similarity": 0.4330819249153137,
            "Sentiment Match": 1.0,
            "Key Concept Coverage": 0.038461538461538464
          }
        },
        "Version2": {
          "text": "Disappointing rental experience reported",
          "metrics": {
            "ROUGE-1": 0.02816901302122599,
            "ROUGE-2": 0.0,
            "ROUGE-L": 0.02816901302122599,
            "METEOR": 0.006075334143377886,
            "BLANC-help": 0.022727272727272728,
            "BLANC-tune": 0.022727272727272728,
            "BERTScore": -0.06521417945623398,
            "Semantic Similarity": 0.49857524037361145,
            "Sentiment Match": 1.0,
            "Key Concept Coverage": 0.038461538461538464
          }
        },
        "Version3": {
          "text": "Bad business reputation found",
          "metrics": {
            "ROUGE-1": 0.0,
            "ROUGE-2": 0.0,
            "ROUGE-L": 0.0,
            "METEOR": 0.0,
            "BLANC-help": 0.0,
            "BLANC-tune": 0.045454545454545456,
            "BERTScore": -0.1133498027920723,
            "Semantic Similarity": 0.26139917969703674,
            "Sentiment Match": 1.0,
            "Key Concept Coverage": 0.038461538461538464
          }
        }
      },
      "highest_scores": {
        "ROUGE-1": 0.02816901302122599,
        "ROUGE-2": 0.0,
        "ROUGE-L": 0.02816901302122599,
        "METEOR": 0.006075334143377886,
        "BLANC-help": 0.06818181818181818,
        "BLANC-tune": 0.045454545454545456,
        "BERTScore": -0.06521417945623398,
        "Semantic Similarity": 0.49857524037361145,
        "Sentiment Match": 1.0,
        "Key Concept Coverage": 0.038461538461538464
      }
    },
    {
      "review_id": 2,
      "review_text": "We were out at the lake this weekend boating and towed a jet ski rented from Jet Action back to the dock.  Things happen, but when I called the office to help make arrangements for the couple \"stuck\" in the middle of the lake, I was treated rudely and told that \"these things don't break down so I don't know what to tell you.\"  No suggestions or assistance was offered. I would NOT rent here.  Unhelpful and very rude.",
      "summaries": {
        "Version1": {
          "text": "Poor customer service prevails",
          "metrics": {
            "ROUGE-1": 0.0,
            "ROUGE-2": 0.0,
            "ROUGE-L": 0.0,
            "METEOR": 0.0,
            "BLANC-help": -0.023255813953488372,
            "BLANC-tune": 0.023255813953488372,
            "BERTScore": -0.1407971978187561,
            "Semantic Similarity": 0.1652858853340149,
            "Sentiment Match": 1.0,
            "Key Concept Coverage": 0.0
          }
        },
        "Version2": {
          "text": "Unhelpful and rude experience guaranteed",
          "metrics": {
            "ROUGE-1": 0.08450704094425711,
            "ROUGE-2": 0.024096384624764152,
            "ROUGE-L": 0.08450704094425711,
            "METEOR": 0.030678938241963445,
            "BLANC-help": 0.06976744186046512,
            "BLANC-tune": -0.046511627906976744,
            "BERTScore": -0.03348822891712189,
            "Semantic Similarity": 0.33899426460266113,
            "Sentiment Match": 1.0,
            "Key Concept Coverage": 0.07407407407407407
          }
        },
        "Version3": {
          "text": "Lack of assistance and respect",
          "metrics": {
            "ROUGE-1": 0.08450704094425711,
            "ROUGE-2": 0.0,
            "ROUGE-L": 0.08450704094425711,
            "METEOR": 0.018007202881152456,
            "BLANC-help": 0.023255813953488372,
            "BLANC-tune": -0.023255813953488372,
            "BERTScore": -0.127349853515625,
            "Semantic Similarity": 0.3077808618545532,
            "Sentiment Match": 1.0,
            "Key Concept Coverage": 0.037037037037037035
          }
        }
      },
      "highest_scores": {
        "ROUGE-1": 0.08450704094425711,
        "ROUGE-2": 0.024096384624764152,
        "ROUGE-L": 0.08450704094425711,
        "METEOR": 0.030678938241963445,
        "BLANC-help": 0.06976744186046512,
        "BLANC-tune": 0.023255813953488372,
        "BERTScore": -0.03348822891712189,
        "Semantic Similarity": 0.33899426460266113,
        "Sentiment Match": 1.0,
        "Key Concept Coverage": 0.07407407407407407
      }
    },
    {
      "review_id": 3,
      "review_text": "Pompous manager hung up on me twice (!) when I called to ask about wait times.  Have never boycotted a restaurant until now.  Mediocre crepes don't entitle that sort of bush league behavior!",
      "summaries": {
        "Version1": {
          "text": "Frustrated customer seeks service, doesn't receive.",
          "metrics": {
            "ROUGE-1": 0.0,
            "ROUGE-2": 0.0,
            "ROUGE-L": 0.0,
            "METEOR": 0.027777777777777776,
            "BLANC-help": 0.0,
            "BLANC-tune": -0.09090909090909091,
            "BERTScore": 0.03915577381849289,
            "Semantic Similarity": 0.25008100271224976,
            "Sentiment Match": 1.0,
            "Key Concept Coverage": 0.0
          }
        },
        "Version2": {
          "text": "Patron's patience wearing thin due to rudeness.",
          "metrics": {
            "ROUGE-1": 0.04999999711250017,
            "ROUGE-2": 0.0,
            "ROUGE-L": 0.04999999711250017,
            "METEOR": 0.027777777777777776,
            "BLANC-help": -0.045454545454545456,
            "BLANC-tune": -0.045454545454545456,
            "BERTScore": 0.041226714849472046,
            "Semantic Similarity": 0.4291898012161255,
            "Sentiment Match": 1.0,
            "Key Concept Coverage": 0.0
          }
        },
        "Version3": {
          "text": "Unimpressed consumer faces inhospitable business.",
          "metrics": {
            "ROUGE-1": 0.0,
            "ROUGE-2": 0.0,
            "ROUGE-L": 0.0,
            "METEOR": 0.014005602240896359,
            "BLANC-help": -0.045454545454545456,
            "BLANC-tune": -0.09090909090909091,
            "BERTScore": 0.00024156278232112527,
            "Semantic Similarity": 0.34521323442459106,
            "Sentiment Match": 1.0,
            "Key Concept Coverage": 0.0
          }
        }
      },
      "highest_scores": {
        "ROUGE-1": 0.04999999711250017,
        "ROUGE-2": 0.0,
        "ROUGE-L": 0.04999999711250017,
        "METEOR": 0.027777777777777776,
        "BLANC-help": 0.0,
        "BLANC-tune": -0.045454545454545456,
        "BERTScore": 0.041226714849472046,
        "Semantic Similarity": 0.4291898012161255,
        "Sentiment Match": 1.0,
        "Key Concept Coverage": 0.0
      }
    },
    {
      "review_id": 4,