{
  "detailed_results": [
    {
      "review_id": 1,
      "review_text": "Straight to the point, it's cheap, it tastes and feels cheap. The good: price, location, dessert (recommended food items are: baked chicken, fried chicken, potatoes, Salad, meat and cheese, pizza) also our waitress was great. The normal: behind the counter meat slicing station, shrimp (not even deshelled), Mexican station. The bad: breakfast -worst eggs ever, actually worst, eggs. The chef can't even cut through ham or hard bread (tried on all 3 occasions), beef, shrimp again. As for decoration, it's the 1970 nightmare you can imagine.",
      "summaries": {
        "Version1": {
          "text": "Mixed Bag",
          "metrics": {
            "ROUGE-1": 0.0,
            "ROUGE-2": 0.0,
            "ROUGE-L": 0.0,
            "METEOR": 0.0,
            "BLANC-help": -0.03508771929824561,
            "BLANC-tune": -0.017543859649122806,
            "BERTScore": -0.2463470697402954,
            "Semantic Similarity": 0.15673668682575226,
            "Sentiment Match": 1.0,
            "Key Concept Coverage": 0.0
          }
        },
        "Version2": {
          "text": "Affordable but Flawed Experience",
          "metrics": {
            "ROUGE-1": 0.0,
            "ROUGE-2": 0.0,
            "ROUGE-L": 0.0,
            "METEOR": 0.0,
            "BLANC-help": 0.0,
            "BLANC-tune": -0.05263157894736842,
            "BERTScore": -0.2450898140668869,
            "Semantic Similarity": 0.2035798877477646,
            "Sentiment Match": 1.0,
            "Key Concept Coverage": 0.0
          }
        },
        "Version3": {
          "text": "Hits and Misses at a Price",
          "metrics": {
            "ROUGE-1": 0.024999998612500077,
            "ROUGE-2": 0.0,
            "ROUGE-L": 0.024999998612500077,
            "METEOR": 0.009132420091324202,
            "BLANC-help": 0.017543859649122806,
            "BLANC-tune": -0.017543859649122806,
            "BERTScore": -0.30164799094200134,
            "Semantic Similarity": 0.17049935460090637,
            "Sentiment Match": 1.0,
            "Key Concept Coverage": 0.023809523809523808
          }
        }
      },
      "highest_scores": {
        "ROUGE-1": 0.024999998612500077,
        "ROUGE-2": 0.0,
        "ROUGE-L": 0.024999998612500077,
        "METEOR": 0.009132420091324202,
        "BLANC-help": 0.017543859649122806,
        "BLANC-tune": -0.017543859649122806,
        "BERTScore": -0.2450898140668869,
        "Semantic Similarity": 0.2035798877477646,
        "Sentiment Match": 1.0,
        "Key Concept Coverage": 0.023809523809523808
      }
    },
    {
      "review_id": 2,
      "review_text": "We started with the burger set, a big mistake. It was cold and the fries were old. Mentioned to our waitress, but nothing came of it.  We ordered a large thin pizza which was a bit pricey after adding toppings. Pizza was ok, not great. Aside from not being our advocate, our server was good.  I have been here before for a football game, it was better then. Will try another venue next time.",
      "summaries": {
        "Version1": {
          "text": "Burger fail, pizza okay",
          "metrics": {
            "ROUGE-1": 0.030769229614201227,
            "ROUGE-2": 0.0,
            "ROUGE-L": 0.030769229614201227,
            "METEOR": 0.025380710659898473,
            "BLANC-help": 0.024390243902439025,
            "BLANC-tune": -0.04878048780487805,
            "BERTScore": 0.023210864514112473,
            "Semantic Similarity": 0.5724990367889404,
            "Sentiment Match": 1.0,
            "Key Concept Coverage": 0.03225806451612903
          }
        },
        "Version2": {
          "text": "Mixed experience, room for improvement",
          "metrics": {
            "ROUGE-1": 0.03030302890266306,
            "ROUGE-2": 0.0,
            "ROUGE-L": 0.03030302890266306,
            "METEOR": 0.012674271229404309,
            "BLANC-help": -0.0975609756097561,
            "BLANC-tune": -0.04878048780487805,
            "BERTScore": -0.09025583416223526,
            "Semantic Similarity": 0.20605260133743286,
            "Sentiment Match": 1.0,
            "Key Concept Coverage": 0.0
          }
        },
        "Version3": {
          "text": "Disappointing visit, seeking better options",
          "metrics": {
            "ROUGE-1": 0.03030302890266306,
            "ROUGE-2": 0.0,
            "ROUGE-L": 0.03030302890266306,
            "METEOR": 0.012674271229404309,
            "BLANC-help": -0.0975609756097561,
            "BLANC-tune": -0.0975609756097561,
            "BERTScore": -0.09148307889699936,
            "Semantic Similarity": 0.31531012058258057,
            "Sentiment Match": 1.0,
            "Key Concept Coverage": 0.03225806451612903
          }
        }
      },
      "highest_scores": {
        "ROUGE-1": 0.030769229614201227,
        "ROUGE-2": 0.0,
        "ROUGE-L": 0.030769229614201227,
        "METEOR": 0.025380710659898473,
        "BLANC-help": 0.024390243902439025,
        "BLANC-tune": -0.04878048780487805,
        "BERTScore": 0.023210864514112473,
        "Semantic Similarity": 0.5724990367889404,
        "Sentiment Match": 1.0,
        "Key Concept Coverage": 0.03225806451612903
      }
    },
    {
      "review_id": 3,
      "review_text": "My menu is coconut soup and pat thai with protein. I tried the same menu here. Actually really like their coconut soup. They used enough coconut milk that the soup was really creamy and not overpowered with herbs. I'm so used to Americanized Thai cuisine that I prefer fewer herbs on my dish. Pat Thai was great too. I liked the amount of peanuts they used, the noodles were chewy and perfect and not too sweet. They gave me a generous amount of chicken and white meat was not dry so I was very happy with my meal.",
      "summaries": {
        "Version1": {
          "text": "Delightful Thai cuisine experience awaited.",
          "metrics": {
            "ROUGE-1": 0.05714285581632657,
            "ROUGE-2": 0.02040816248229907,
            "ROUGE-L": 0.05714285581632657,
            "METEOR": 0.015337423312883436,
            "BLANC-help": 0.03333333333333333,
            "BLANC-tune": 0.05,
            "BERTScore": -0.0006512306863442063,
            "Semantic Similarity": 0.598175048828125,
            "Sentiment Match": 1.0,
            "Key Concept Coverage": 0.029411764705882353
          }
        },
        "Version2": {
          "text": "Satisfying flavors in a bowl.",
          "metrics": {
            "ROUGE-1": 0.028571427244898025,
            "ROUGE-2": 0.0,
            "ROUGE-L": 0.028571427244898025,
            "METEOR": 0.010224948875255624,
            "BLANC-help": -0.05,
            "BLANC-tune": 0.03333333333333333,
            "BERTScore": -0.0550074465572834,
            "Semantic Similarity": 0.47943663597106934,
            "Sentiment Match": 1.0,
            "Key Concept Coverage": 0.0
          }
        },
        "Version3": {
          "text": "Authentic taste buds pleased easily.",
          "metrics": {
            "ROUGE-1": 0.0,
            "ROUGE-2": 0.0,
            "ROUGE-L": 0.0,
            "METEOR": 0.005112474437627812,
            "BLANC-help": -0.05,
            "BLANC-tune": 0.06666666666666667,
            "BERTScore": -0.10974437743425369,
            "Semantic Similarity": 0.37987464666366577,
            "Sentiment Match": 1.0,
            "Key Concept Coverage": 0.0
          }
        }
      },
      "highest_scores": {
        "ROUGE-1": 0.05714285581632657,
        "ROUGE-2": 0.02040816248229907,
        "ROUGE-L": 0.05714285581632657,
        "METEOR": 0.015337423312883436,
        "BLANC-help": 0.03333333333333333,
        "BLANC-tune": 0.06666666666666667,
        "BERTScore": -0.0006512306863442063,
        "Semantic Similarity": 0.598175048828125,
        "Sentiment Match": 1.0,